id,first_name,last_name,catergory_id
1,jessica,nguyen ,3
2,mark,smith,8
3,john,vo,8
4,dave,lol,16
5,annie,nguyen ,10
6,annie,lee,10
7,john,jordan,14
8,kevin,jordan,8
9,dave,johnson,15
10,john,curry,7
11,annie,curry,10
12,mike,lol,10
13,steven,johnson,7
14,anna,jordan,12
15,john,lee,14
16,kevin,lee,13
17,annie,jordan,2
18,steven,ly,13
19,dave,nguyen ,5
20,john,vo,8
21,kevin,lol,2
22,john,vo,15
23,mike,lol,16
24,mike,vo,11
25,annie,johnson,5
26,kevin,ly,4
27,kevin,ly,1
28,annie,ly,1
29,anna,lee,9
30,kevin,smith,1
31,steven,lee,5
32,mark,lol,10
33,steven,johnson,1
34,annie,smith,4
35,anna,curry,1
36,kevin,rose,9
37,anna,smith,3
38,john,lol,8
39,mark,jordan,10
40,mark,lol,5
41,anna,rose,1
42,mark,vo,14
43,mark,lol,12
44,mike,nguyen ,11
45,anna,johnson,2
46,jenny,smith,14
47,jessica,ly,8
48,anna,nguyen ,4
49,dave,lee,11
50,john,vo,7
51,mike,lee,11
52,jessica,lol,4
53,mike,lee,14
54,kevin,smith,8
55,john,johnson,4
56,mike,lol,14
57,annie,curry,4
58,mike,jordan,9
59,steven,ly,13
60,kevin,rose,16
61,kevin,rose,15
62,john,lee,12
63,steven,lee,5
64,john,rose,13
65,steven,curry,7
66,john,jordan,9
67,anna,lee,6
68,mark,rose,5
69,dave,lee,2
70,jessica,nguyen ,2
71,john,johnson,4
72,mark,rose,15
73,annie,ly,8
74,mike,rose,8
75,kevin,ly,10
76,mike,nguyen ,7
77,jenny,jordan,8
78,mark,lee,14
79,mark,vo,16
80,mike,nguyen ,11
81,jessica,johnson,6
82,dave,ly,11
83,jessica,rose,5
84,mike,vo,4
85,jenny,curry,12
86,john,lee,7
87,mike,nguyen ,2
88,anna,lol,14
89,mike,curry,2
90,jessica,ly,12
91,annie,lol,3
92,steven,johnson,8
93,jenny,ly,13
94,steven,smith,16
95,dave,lol,9
96,steven,ly,1
97,dave,jordan,6
98,jessica,rose,14
99,kevin,lee,3
100,kevin,smith,5
101,annie,jordan,12
102,mike,johnson,14
103,mike,johnson,15
104,mark,curry,11
105,dave,lol,3
106,dave,johnson,16
107,jenny,lee,13
108,john,ly,7
109,anna,vo,2
110,john,curry,3
111,jessica,lee,12
112,mark,rose,9
113,mark,nguyen ,6
114,mike,nguyen ,10
115,mike,nguyen ,10
116,john,curry,1
117,annie,ly,12
118,mark,nguyen ,16
119,mark,vo,8
120,steven,smith,3
121,anna,nguyen ,1
122,steven,nguyen ,12
123,mike,smith,12
124,anna,smith,15
125,anna,johnson,13
126,kevin,johnson,6
127,mark,ly,5
128,anna,vo,15
129,annie,lee,12
130,mike,nguyen ,4
131,mark,smith,6
132,jenny,smith,7
133,jessica,vo,5
134,jessica,rose,1
135,jenny,ly,1
136,john,jordan,3
137,jenny,lee,6
138,jenny,nguyen ,3
139,dave,lol,7
140,john,jordan,10
141,jessica,nguyen ,8
142,mark,ly,13
143,kevin,lee,6
144,jenny,rose,15
145,kevin,lee,2
146,anna,lee,8
147,jessica,johnson,9
148,anna,jordan,14
149,mark,jordan,2
150,jenny,ly,11
151,kevin,smith,1
152,anna,lol,16
153,kevin,jordan,7
154,annie,smith,1
155,steven,jordan,13
156,mike,jordan,5
157,john,johnson,8
158,jenny,ly,16
159,kevin,lee,16
160,john,smith,8
161,steven,curry,15
162,steven,rose,10
163,annie,vo,6
164,mark,jordan,3
165,annie,lol,7
166,john,curry,1
167,anna,rose,12
168,dave,nguyen ,4
169,mark,rose,3
170,steven,smith,6
171,annie,curry,13
172,john,jordan,6
173,jenny,lee,14
174,annie,rose,7
175,john,rose,12
176,kevin,curry,15
177,kevin,nguyen ,16
178,dave,ly,11
179,jessica,rose,7
180,jenny,jordan,16
181,jenny,rose,10
182,mark,vo,1
183,annie,lee,11
184,steven,lee,14
185,jenny,lee,16
186,mark,ly,11
187,annie,johnson,7
188,jenny,jordan,6
189,steven,smith,15
190,jessica,rose,16
191,john,smith,13
192,john,rose,12
193,annie,lee,4
194,jenny,lol,1
195,mike,smith,1
196,anna,johnson,14
197,dave,ly,11
198,kevin,jordan,4
199,anna,lol,7
200,mark,lee,2
201,anna,curry,10
202,steven,smith,12
203,kevin,jordan,12
204,annie,smith,3
205,kevin,smith,4
206,john,nguyen ,8
207,dave,vo,10
208,anna,smith,1
209,dave,curry,13
210,anna,nguyen ,2
211,mark,lol,5
212,annie,johnson,8
213,annie,johnson,2
214,dave,lol,9
215,john,vo,11
216,annie,lee,1
217,jessica,ly,10
218,mark,smith,2
219,john,rose,3
220,jenny,curry,13
221,mark,curry,5
222,jessica,jordan,14
223,kevin,rose,4
224,john,lol,10
225,anna,vo,2
226,john,curry,10
227,dave,curry,1
228,kevin,smith,3
229,steven,jordan,14
230,jessica,johnson,10
231,annie,lol,14
232,annie,lol,9
233,kevin,curry,2
234,annie,nguyen ,8
235,mike,ly,12
236,jenny,johnson,2
237,mike,smith,16
238,mike,lol,2
239,mike,rose,13
240,mark,johnson,14
241,mike,lol,4
242,steven,nguyen ,5
243,john,lee,8
244,steven,nguyen ,10
245,kevin,smith,7
246,mark,vo,14
247,mike,smith,9
248,mark,lee,11
249,mark,curry,16
250,mike,smith,4
251,mark,curry,14
252,annie,rose,6
253,mark,nguyen ,15
254,kevin,lol,5
255,mark,jordan,10
256,kevin,lee,14
257,john,smith,16
258,jessica,lee,6
259,kevin,smith,8
260,jenny,jordan,10
261,anna,nguyen ,14
262,john,curry,10
263,kevin,nguyen ,6
264,jessica,vo,6
265,jessica,smith,6
266,kevin,jordan,16
267,dave,jordan,15
268,mark,ly,15
269,steven,lee,12
270,anna,nguyen ,15
271,jenny,vo,8
272,jessica,ly,10
273,kevin,jordan,7
274,jessica,vo,2
275,anna,curry,1
276,mike,ly,6
277,mike,lol,5
278,mark,smith,12
279,kevin,smith,16
280,mike,nguyen ,16
281,steven,ly,15
282,steven,lee,12
283,steven,rose,5
284,jenny,jordan,16
285,dave,lee,2
286,john,ly,4
287,mark,jordan,8
288,jenny,vo,11
289,mark,lee,6
290,mark,lol,15
291,jenny,lee,1
292,annie,smith,6
293,anna,rose,13
294,kevin,vo,9
295,dave,johnson,7
296,anna,curry,5
297,dave,smith,12
298,jessica,nguyen ,5
299,dave,johnson,2
300,annie,lol,1
301,mark,vo,7
302,jenny,rose,7
303,dave,nguyen ,12
304,steven,lee,6
305,jessica,ly,4
306,kevin,smith,12
307,dave,vo,9
308,mike,johnson,1
309,annie,vo,11
310,kevin,vo,10
311,kevin,vo,15
312,dave,ly,9
313,anna,rose,16
314,anna,jordan,10
315,jessica,rose,15
316,annie,nguyen ,9
317,annie,jordan,5
318,mike,nguyen ,8
319,steven,lol,13
320,mike,ly,15
321,kevin,johnson,4
322,john,rose,1
323,anna,nguyen ,8
324,kevin,vo,15
325,jessica,jordan,13
326,kevin,lol,9
327,jessica,curry,10
328,steven,lol,1
329,dave,vo,5
330,jenny,rose,1
331,jessica,johnson,12
332,steven,nguyen ,3
333,annie,ly,15
334,annie,nguyen ,3
335,jessica,vo,9
336,jenny,smith,15
337,mike,lol,16
338,steven,lee,10
339,jenny,nguyen ,14
340,mark,nguyen ,9
341,dave,lol,3
342,kevin,nguyen ,15
343,kevin,ly,10
344,dave,lee,11
345,john,curry,10
346,steven,vo,15
347,jessica,curry,15
348,jenny,rose,1
349,annie,nguyen ,12
350,jessica,ly,12
351,mike,rose,14
352,steven,ly,11
353,jenny,lee,9
354,annie,johnson,4
355,jenny,jordan,10
356,kevin,ly,8
357,anna,vo,14
358,dave,nguyen ,9
359,john,jordan,4
360,anna,rose,7
361,john,johnson,12
362,john,vo,11
363,dave,jordan,15
364,annie,lol,4
365,jenny,curry,12
366,kevin,johnson,11
367,jessica,smith,15
368,kevin,vo,9
369,kevin,lee,5
370,mike,ly,14
371,jessica,lol,12
372,jessica,jordan,16
373,dave,johnson,10
374,kevin,johnson,5
375,anna,johnson,9
376,kevin,johnson,3
377,kevin,jordan,13
378,annie,rose,1
379,mike,jordan,12
380,mark,ly,14
381,john,smith,1
382,jenny,lol,13
383,annie,ly,2
384,mike,smith,14
385,steven,smith,8
386,annie,smith,9
387,mike,nguyen ,8
388,mark,johnson,1
389,steven,smith,7
390,john,nguyen ,2
391,dave,rose,1
392,dave,smith,3
393,jenny,johnson,2
394,kevin,curry,12
395,steven,jordan,2
396,dave,ly,15
397,annie,nguyen ,5
398,annie,vo,4
399,dave,curry,6
400,annie,rose,13
401,mark,nguyen ,1
402,john,ly,3
403,john,vo,1
404,annie,nguyen ,5
405,annie,rose,6
406,dave,vo,10
407,mark,nguyen ,14
408,mike,jordan,10
409,mike,nguyen ,9
410,kevin,jordan,4
411,steven,nguyen ,3
412,mark,curry,10
413,jenny,curry,10
414,mike,rose,2
415,kevin,johnson,14
416,anna,jordan,14
417,annie,smith,3
418,mike,jordan,11
419,kevin,lee,11
420,steven,ly,4
421,john,nguyen ,6
422,steven,rose,9
423,steven,nguyen ,14
424,anna,jordan,11
425,mike,ly,12
426,jenny,lol,6
427,annie,nguyen ,16
428,annie,jordan,5
429,jessica,rose,10
430,mark,lee,6
431,mike,smith,1
432,dave,jordan,14
433,dave,nguyen ,3
434,anna,ly,15
435,dave,jordan,13
436,kevin,ly,7
437,mark,vo,12
438,jessica,rose,16
439,annie,rose,1
440,john,johnson,2
441,mike,nguyen ,14
442,kevin,ly,6
443,mark,lee,4
444,kevin,lee,5
445,annie,curry,13
446,jessica,rose,7
447,mark,lol,9
448,steven,lee,1
449,kevin,jordan,13
450,jessica,lol,11
451,dave,nguyen ,15
452,john,jordan,14
453,jessica,nguyen ,16
454,anna,johnson,6
455,mike,jordan,2
456,dave,lee,15
457,kevin,johnson,14
458,john,johnson,11
459,jenny,smith,7
460,annie,curry,6
461,kevin,smith,8
462,mike,lol,11
463,jessica,curry,14
464,dave,lol,16
465,mark,rose,11
466,kevin,rose,8
467,dave,rose,4
468,kevin,rose,16
469,jessica,jordan,1
470,jessica,nguyen ,8
471,steven,curry,7
472,mike,ly,11
473,jenny,lol,2
474,john,rose,16
475,annie,johnson,1
476,mike,smith,8
477,john,nguyen ,14
478,mark,rose,12
479,dave,johnson,2
480,jenny,jordan,9
481,kevin,smith,15
482,mike,jordan,2
483,anna,curry,15
484,jessica,johnson,8
485,anna,vo,13
486,kevin,ly,9
487,steven,jordan,6
488,john,jordan,13
489,jenny,rose,5
490,anna,lee,9
491,john,jordan,14
492,jenny,johnson,1
493,jenny,ly,16
494,steven,smith,3
495,mark,smith,7
496,jessica,vo,6
497,mark,lee,11
498,kevin,vo,5
499,anna,johnson,13
500,john,rose,4
501,dave,lol,10
502,steven,jordan,5
503,mike,nguyen ,2
504,mike,nguyen ,7
505,kevin,nguyen ,4
506,anna,lee,4
507,steven,ly,3
508,john,smith,8
509,annie,lee,5
510,dave,lol,10
511,john,rose,15
512,steven,ly,16
513,dave,lee,12
514,anna,johnson,13
515,dave,vo,1
516,kevin,lol,11
517,john,ly,15
518,mike,curry,14
519,mike,jordan,2
520,jessica,smith,8
521,mark,smith,7
522,jenny,nguyen ,10
523,mike,curry,5
524,anna,nguyen ,14
525,annie,lol,13
526,anna,lol,13
527,steven,ly,1
528,jessica,jordan,6
529,john,ly,7
530,jessica,lol,1
531,steven,lee,4
532,jenny,johnson,11
533,mike,johnson,10
534,john,smith,14
535,jenny,vo,7
536,annie,lee,4
537,kevin,vo,11
538,anna,rose,13
539,jenny,lol,3
540,mark,lol,14
541,jenny,vo,1
542,jenny,lee,14
543,jessica,ly,11
544,mike,rose,16
545,mike,ly,2
546,mike,vo,1
547,jessica,curry,14
548,dave,rose,3
549,steven,vo,4
550,anna,ly,16
551,jessica,vo,12
552,jenny,nguyen ,11
553,john,lee,3
554,anna,smith,14
555,kevin,lee,10
556,kevin,johnson,11
557,kevin,ly,11
558,dave,curry,15
559,kevin,curry,13
560,mark,lol,6
561,annie,ly,12
562,annie,ly,16
563,mark,rose,10
564,john,vo,6
565,john,jordan,9
566,jenny,rose,10
567,jenny,smith,6
568,mike,lee,8
569,jessica,johnson,2
570,anna,rose,15
571,mark,smith,2
572,mike,vo,8
573,mike,nguyen ,8
574,annie,ly,6
575,steven,lee,10
576,anna,lol,16
577,john,jordan,7
578,john,vo,2
579,steven,rose,16
580,mike,rose,13
581,mike,jordan,4
582,mike,johnson,14
583,john,lol,16
584,kevin,vo,13
585,mike,ly,1
586,kevin,vo,11
587,mike,curry,11
588,kevin,ly,4
589,john,curry,8
590,jessica,smith,2
591,jenny,jordan,6
592,kevin,vo,9
593,mike,lee,11
594,john,nguyen ,5
595,steven,lol,9
596,anna,nguyen ,6
597,john,rose,5
598,steven,jordan,16
599,dave,curry,8
600,kevin,ly,11
601,john,johnson,7
602,jenny,vo,4
603,annie,ly,10
604,kevin,nguyen ,12
605,mark,lee,2
606,mike,rose,11
607,jenny,curry,14
608,jessica,rose,9
609,steven,jordan,11
610,dave,ly,12
611,dave,nguyen ,9
612,mike,rose,9
613,mike,smith,10
614,jenny,vo,3
615,anna,nguyen ,13
616,dave,lee,10
617,mark,nguyen ,10
618,john,johnson,7
619,annie,smith,9
620,mark,curry,7
621,annie,smith,6
622,annie,lol,1
623,mike,johnson,13
624,dave,ly,3
625,jenny,vo,13
626,dave,smith,2
627,jessica,smith,9
628,kevin,lol,15
629,jenny,jordan,5
630,steven,johnson,6
631,jessica,nguyen ,14
632,john,curry,9
633,anna,curry,2
634,john,rose,5
635,jessica,rose,14
636,mark,smith,15
637,annie,ly,5
638,jenny,smith,15
639,john,nguyen ,3
640,anna,nguyen ,2
641,jenny,curry,1
642,anna,vo,7
643,mike,nguyen ,10
644,anna,ly,12
645,annie,curry,13
646,mark,curry,1
647,mike,rose,3
648,jenny,lol,2
649,mike,vo,12
650,john,rose,15
651,mark,ly,3
652,anna,johnson,13
653,steven,johnson,10
654,anna,vo,14
655,anna,nguyen ,1
656,jessica,lol,9
657,mike,vo,9
658,anna,smith,14
659,annie,ly,13
660,kevin,smith,6
661,mike,johnson,1
662,jenny,smith,13
663,annie,smith,1
664,mike,lol,13
665,jenny,smith,14
666,annie,johnson,15
667,mark,vo,6
668,dave,curry,16
669,jessica,vo,7
670,dave,lee,14
671,mark,vo,12
672,kevin,rose,14
673,anna,johnson,4
674,kevin,nguyen ,15
675,jenny,smith,16
676,dave,rose,1
677,dave,lol,13
678,john,nguyen ,14
679,anna,curry,1
680,annie,nguyen ,5
681,kevin,jordan,7
682,mike,curry,2
683,anna,jordan,1
684,steven,curry,1
685,john,jordan,7
686,annie,ly,2
687,jenny,curry,14
688,mark,johnson,13
689,steven,lee,10
690,mark,lee,7
691,jessica,vo,1
692,john,nguyen ,13
693,dave,lol,6
694,kevin,lol,12
695,kevin,smith,14
696,kevin,ly,3
697,dave,rose,7
698,jessica,lol,6
699,jessica,ly,12
700,jenny,curry,10
701,jessica,nguyen ,7
702,steven,vo,2
703,mike,curry,9
704,dave,smith,11
705,jenny,jordan,12
706,mike,rose,3
707,jessica,nguyen ,12
708,mark,nguyen ,14
709,steven,smith,3
710,kevin,smith,9
711,kevin,curry,7
712,anna,johnson,9
713,kevin,johnson,1
714,jessica,johnson,9
715,jessica,smith,5
716,mike,nguyen ,12
717,jenny,johnson,13
718,anna,smith,13
719,mike,lol,9
720,kevin,lee,5
721,steven,jordan,16
722,mike,rose,1
723,mark,ly,13
724,jessica,johnson,9
725,mark,jordan,5
726,anna,vo,9
727,annie,ly,16
728,jenny,jordan,10
729,kevin,smith,3
730,mark,ly,8
731,dave,johnson,11
732,annie,rose,9
733,anna,curry,6
734,mark,smith,5
735,anna,ly,12
736,jessica,jordan,14
737,john,jordan,11
738,mark,nguyen ,1
739,anna,smith,12
740,jenny,curry,7
741,kevin,johnson,3
742,john,curry,9
743,anna,curry,1
744,anna,curry,7
745,steven,smith,9
746,jessica,smith,16
747,mark,rose,7
748,dave,ly,15
749,kevin,lol,15
750,anna,ly,9
751,mark,rose,4
752,steven,vo,5
753,jessica,ly,3
754,annie,nguyen ,11
755,jenny,curry,6
756,mike,curry,15
757,mark,curry,1
758,mike,lol,8
759,jessica,lee,5
760,anna,vo,11
761,annie,smith,16
762,dave,ly,9
763,steven,smith,8
764,dave,smith,4
765,kevin,curry,8
766,anna,johnson,5
767,john,lol,16
768,jessica,ly,8
769,jessica,ly,3
770,jessica,smith,10
771,jessica,jordan,16
772,mike,ly,15
773,steven,lol,13
774,mark,curry,12
775,kevin,ly,2
776,jessica,nguyen ,11
777,mark,nguyen ,11
778,steven,johnson,14
779,annie,ly,10
780,john,johnson,8
781,jenny,smith,15
782,dave,rose,5
783,steven,curry,9
784,annie,lee,14
785,john,rose,7
786,mark,jordan,14
787,john,smith,15
788,annie,lee,9
789,jenny,vo,12
790,dave,lee,4
791,dave,rose,16
792,annie,lol,2
793,jenny,smith,4
794,jessica,rose,10
795,annie,johnson,8
796,jessica,johnson,13
797,mike,curry,11
798,annie,curry,13
799,dave,vo,10
800,john,jordan,9
801,dave,lee,4
802,kevin,ly,12
803,annie,smith,5
804,mark,curry,2
805,mark,smith,14
806,annie,nguyen ,8
807,dave,lee,13
808,john,jordan,16
809,kevin,lol,9
810,kevin,johnson,15
811,mike,nguyen ,7
812,kevin,rose,10
813,mark,rose,12
814,anna,vo,2
815,annie,lol,7
816,anna,lee,3
817,kevin,vo,5
818,mark,curry,7
819,kevin,rose,13
820,kevin,rose,15
821,mike,jordan,15
822,dave,curry,16
823,anna,lol,13
824,john,rose,15
825,dave,rose,3
826,annie,vo,1
827,steven,lol,6
828,kevin,rose,11
829,annie,johnson,11
830,kevin,smith,16
831,dave,vo,14
832,steven,lee,11
833,jenny,johnson,8
834,mark,ly,13
835,steven,lol,3
836,steven,rose,3
837,annie,rose,10
838,steven,rose,15
839,anna,jordan,3
840,anna,nguyen ,10
841,mark,nguyen ,3
842,anna,rose,15
843,jessica,rose,9
844,john,johnson,5
845,jessica,jordan,10
846,dave,nguyen ,5
847,jenny,rose,15
848,dave,vo,11
849,kevin,vo,6
850,jenny,smith,12
851,kevin,rose,14
852,steven,smith,7
853,mark,nguyen ,11
854,annie,lee,13
855,anna,lee,5
856,steven,lol,6
857,annie,lol,16
858,dave,johnson,10
859,mike,lol,12
860,steven,lol,1
861,jenny,jordan,12
862,kevin,johnson,4
863,jenny,ly,2
864,dave,johnson,7
865,annie,curry,8
866,kevin,smith,15
867,john,ly,7
868,jessica,ly,4
869,jessica,lol,7
870,kevin,curry,9
871,steven,smith,4
872,john,smith,16
873,mark,rose,5
874,annie,smith,10
875,annie,johnson,8
876,jenny,lol,11
877,mike,smith,1
878,jessica,lol,13
879,annie,lol,11
880,john,lee,6
881,mike,jordan,10
882,anna,lee,1
883,mike,curry,10
884,annie,lol,9
885,kevin,vo,16
886,steven,jordan,6
887,dave,lee,7
888,dave,lee,8
889,jenny,johnson,6
890,mike,ly,14
891,steven,smith,1
892,annie,smith,2
893,jessica,johnson,8
894,anna,lol,11
895,steven,smith,6
896,steven,johnson,5
897,mark,nguyen ,13
898,steven,jordan,16
899,jessica,vo,2
900,jenny,rose,16
901,steven,ly,7
902,jessica,vo,11
903,jenny,nguyen ,2
904,steven,johnson,14
905,steven,curry,9
906,jessica,jordan,10
907,steven,smith,8
908,mike,curry,9
909,mark,smith,3
910,jessica,jordan,2
911,john,curry,13
912,john,jordan,16
913,steven,lol,5
914,kevin,smith,10
915,steven,smith,8
916,anna,vo,5
917,kevin,smith,13
918,jessica,nguyen ,14
919,dave,smith,8
920,dave,lol,4
921,annie,jordan,8
922,kevin,curry,15
923,annie,jordan,12
924,john,jordan,13
925,jessica,nguyen ,11
926,annie,vo,9
927,jessica,rose,15
928,steven,rose,3
929,mark,lol,16
930,mark,curry,13
931,jenny,lol,1
932,anna,lee,13
933,mike,rose,9
934,anna,lol,8
935,jenny,johnson,1
936,jessica,curry,14
937,steven,lee,8
938,steven,johnson,5
939,kevin,lol,12
940,jessica,lee,8
941,jessica,nguyen ,14
942,mike,lee,14
943,annie,curry,10
944,steven,vo,5
945,anna,vo,9
946,annie,ly,9
947,jessica,curry,8
948,kevin,jordan,14
949,anna,rose,15
950,dave,ly,8
951,john,jordan,12
952,john,lol,1
953,mike,vo,13
954,mark,lol,12
955,steven,rose,11
956,jenny,lol,15
957,dave,jordan,16
958,steven,lol,13
959,mike,smith,5
960,kevin,lol,15
961,mark,lee,1
962,mike,lee,15
963,kevin,lee,16
964,kevin,nguyen ,5
965,anna,jordan,1
966,jessica,johnson,9
967,jenny,rose,1
968,steven,ly,1
969,dave,ly,8
970,anna,jordan,8
971,steven,smith,5
972,dave,rose,11
973,steven,curry,2
974,john,lol,16
975,annie,vo,9
976,dave,rose,15
977,kevin,lol,8
978,mike,jordan,4
979,anna,ly,12
980,steven,vo,8
981,annie,rose,2
982,annie,rose,14
983,anna,nguyen ,14
984,jenny,smith,7
985,mike,rose,6
986,john,lol,9
987,steven,rose,6
988,steven,smith,11
989,annie,vo,12
990,steven,rose,4
991,jessica,curry,15
992,john,rose,9
993,dave,vo,10
994,jenny,rose,2
995,jessica,vo,5
996,dave,nguyen ,5
997,anna,jordan,15
998,anna,rose,2
999,mike,jordan,4
1000,jessica,lol,9
1001,anna,jordan,14
1002,mike,smith,1
1003,mike,smith,3
1004,john,curry,7
1005,dave,jordan,9
1006,jenny,lee,11
1007,jenny,curry,4
1008,jenny,smith,5
1009,annie,ly,7
1010,mike,lol,4
1011,steven,curry,4
1012,annie,ly,14
1013,annie,curry,7
1014,steven,lee,2
1015,jenny,lee,6
1016,jessica,lee,5
1017,john,rose,16
1018,john,johnson,12
1019,kevin,lol,14
1020,dave,lol,3
1021,kevin,lee,10
1022,anna,lee,9
1023,jessica,curry,7
1024,dave,ly,7
1025,dave,smith,16
1026,kevin,johnson,2
1027,anna,curry,16
1028,jenny,rose,10
1029,dave,lol,9
1030,jessica,nguyen ,4
1031,steven,ly,9
1032,anna,jordan,7
1033,mark,smith,14
1034,jessica,nguyen ,9
1035,john,curry,4
1036,jenny,smith,9
1037,anna,rose,7
1038,jessica,rose,9
1039,mark,jordan,15
1040,mike,ly,8
1041,mike,lee,9
1042,anna,smith,1
1043,mark,johnson,6
1044,mark,smith,15
1045,jessica,curry,8
1046,jenny,smith,3
1047,john,curry,13
1048,annie,vo,2
1049,kevin,rose,9
1050,jenny,jordan,2
1051,jessica,vo,5
1052,anna,jordan,3
1053,annie,vo,11
1054,jenny,lol,10
1055,john,rose,9
1056,john,rose,8
1057,anna,johnson,1
1058,dave,ly,9
1059,john,johnson,14
1060,jenny,ly,10
1061,steven,lee,12
1062,dave,ly,11
1063,mark,smith,8
1064,anna,rose,15
1065,jenny,curry,4
1066,mark,lee,5
1067,mike,curry,10
1068,dave,rose,6
1069,kevin,curry,12
1070,dave,lol,15
1071,kevin,curry,11
1072,kevin,rose,8
1073,mike,lol,8
1074,john,curry,16
1075,dave,ly,16
1076,jenny,johnson,5
1077,dave,johnson,2
1078,jenny,jordan,10
1079,john,rose,8
1080,annie,curry,3
1081,jessica,lol,2
1082,kevin,ly,4
1083,jenny,curry,14
1084,jenny,curry,1
1085,jessica,vo,5
1086,jessica,lee,13
1087,jenny,vo,5
1088,mark,nguyen ,6
1089,annie,curry,4
1090,john,curry,2
1091,dave,smith,16
1092,annie,lol,5
1093,kevin,rose,4
1094,mark,vo,1
1095,mark,johnson,15
1096,john,jordan,16
1097,mike,ly,8
1098,kevin,ly,12
1099,steven,lol,12
1100,steven,nguyen ,4
1101,dave,vo,9
1102,dave,rose,12
1103,mark,lol,10
1104,john,rose,7
1105,jenny,lee,10
1106,dave,curry,11
1107,steven,smith,5
1108,jenny,rose,15
1109,jessica,nguyen ,1
1110,anna,jordan,14
1111,kevin,lol,9
1112,john,smith,7
1113,dave,johnson,16
1114,mark,jordan,14
1115,annie,smith,8
1116,jessica,jordan,15
1117,dave,ly,7
1118,kevin,lol,2
1119,dave,johnson,16
1120,dave,rose,7
1121,dave,lee,3
1122,jessica,rose,4
1123,steven,vo,6
1124,john,nguyen ,14
1125,mark,lol,16
1126,annie,nguyen ,7
1127,dave,jordan,11
1128,annie,rose,11
1129,mike,jordan,13
1130,annie,smith,12
1131,kevin,ly,3
1132,john,smith,3
1133,john,lee,8
1134,dave,lol,7
1135,dave,lol,13
1136,steven,nguyen ,4
1137,steven,curry,7
1138,annie,curry,14
1139,anna,rose,14
1140,mark,johnson,4
1141,mike,vo,12
1142,john,lee,5
1143,jenny,lee,9
1144,jessica,lol,7
1145,mark,smith,7
1146,steven,jordan,7
1147,mike,curry,8
1148,annie,curry,6
1149,kevin,lee,11
1150,jessica,jordan,5
1151,mike,jordan,14
1152,annie,smith,1
1153,mike,nguyen ,2
1154,jessica,lee,14
1155,john,jordan,3
1156,mike,smith,5
1157,kevin,jordan,8
1158,jenny,rose,15
1159,dave,rose,4
1160,dave,smith,14
1161,dave,rose,3
1162,anna,ly,1
1163,kevin,rose,7
1164,steven,vo,13
1165,mike,lol,11
1166,anna,ly,14
1167,anna,lee,9
1168,dave,nguyen ,4
1169,mark,smith,9
1170,john,smith,13
1171,annie,lee,11
1172,mark,smith,6
1173,john,smith,1
1174,jessica,johnson,7
1175,steven,ly,14
1176,mark,curry,9
1177,dave,lee,1
1178,kevin,curry,6
1179,kevin,smith,6
1180,steven,johnson,2
1181,mike,lee,11
1182,annie,jordan,10
1183,jessica,ly,1
1184,dave,curry,6
1185,mike,rose,13
1186,steven,lee,15
1187,steven,jordan,11
1188,john,johnson,13
1189,anna,ly,11
1190,steven,lee,15
1191,mike,curry,5
1192,steven,curry,9
1193,steven,lee,7
1194,anna,ly,14
1195,mike,smith,15
1196,anna,rose,1
1197,john,rose,8
1198,annie,nguyen ,10
1199,anna,lol,1
1200,anna,jordan,15
1201,jessica,vo,8
1202,annie,nguyen ,6
1203,jessica,nguyen ,7
1204,kevin,jordan,6
1205,jessica,johnson,1
1206,mark,ly,3
1207,john,nguyen ,10
1208,mark,vo,3
1209,mike,smith,13
1210,dave,lee,1
1211,mike,lee,16
1212,anna,ly,7
1213,mike,vo,15
1214,anna,nguyen ,15
1215,kevin,smith,8
1216,steven,johnson,12
1217,anna,johnson,1
1218,anna,ly,14
1219,anna,johnson,8
1220,john,jordan,3
1221,john,jordan,14
1222,jessica,curry,6
1223,mike,lee,9
1224,anna,smith,14
1225,steven,lol,2
1226,dave,lee,2
1227,dave,vo,6
1228,jessica,rose,15
1229,dave,jordan,1
1230,kevin,rose,8
1231,jenny,johnson,4
1232,jenny,rose,1
1233,steven,jordan,4
1234,mark,ly,6
1235,jessica,nguyen ,8
1236,mark,johnson,2
1237,anna,lee,3
1238,jenny,nguyen ,6
1239,jenny,vo,11
1240,john,curry,16
1241,anna,jordan,1
1242,annie,smith,2
1243,jessica,lee,1
1244,annie,ly,11
1245,john,nguyen ,11
1246,mark,ly,13
1247,anna,nguyen ,9
1248,dave,curry,5
1249,kevin,smith,5
1250,anna,curry,5
1251,kevin,rose,7
1252,dave,nguyen ,16
1253,steven,vo,1
1254,annie,rose,1
1255,kevin,ly,9
1256,mark,nguyen ,11
1257,john,curry,15
1258,mike,smith,2
1259,dave,lee,2
1260,mark,curry,14
1261,jessica,rose,14
1262,mark,lee,11
1263,john,jordan,3
1264,anna,lee,9
1265,john,lee,13
1266,jessica,curry,15
1267,steven,lee,11
1268,kevin,vo,8
1269,jessica,vo,16
1270,jenny,curry,4
1271,anna,smith,10
1272,annie,nguyen ,6
1273,steven,lol,9
1274,jenny,jordan,3
1275,john,lol,16
1276,annie,rose,6
1277,steven,rose,3
1278,mark,lee,12
1279,jenny,ly,9
1280,john,lee,14
1281,jessica,nguyen ,6
1282,kevin,ly,1
1283,annie,smith,8
1284,dave,lee,3
1285,dave,ly,6
1286,dave,johnson,3
1287,jenny,lol,6
1288,jessica,ly,4
1289,kevin,curry,11
1290,jessica,vo,16
1291,dave,lee,4
1292,mike,curry,15
1293,john,vo,14
1294,jessica,lol,14
1295,annie,lee,7
1296,jenny,ly,6
1297,dave,ly,11
1298,kevin,smith,13
1299,john,jordan,10
1300,mike,lol,12
1301,dave,johnson,2
1302,annie,lol,11
1303,jessica,lee,11
1304,anna,johnson,16
1305,annie,curry,6
1306,dave,jordan,4
1307,kevin,lol,8
1308,mike,ly,14
1309,anna,curry,11
1310,john,rose,9
1311,kevin,rose,6
1312,annie,lol,6
1313,steven,jordan,5
1314,annie,lee,12
1315,anna,ly,4
1316,kevin,rose,12
1317,anna,nguyen ,7
1318,steven,lol,6
1319,mark,rose,5
1320,anna,vo,8
1321,jenny,rose,13
1322,steven,lee,15
1323,mike,curry,11
1324,john,vo,7
1325,mark,johnson,6
1326,annie,johnson,11
1327,kevin,jordan,2
1328,jessica,vo,3
1329,jenny,nguyen ,9
1330,annie,lol,8
1331,john,lee,16
1332,jenny,ly,4
1333,mike,ly,5
1334,steven,rose,14
1335,john,rose,12
1336,steven,lol,5
1337,annie,lee,1
1338,kevin,johnson,4
1339,annie,vo,16
1340,jenny,ly,3
1341,annie,smith,6
1342,mark,ly,13
1343,jenny,vo,6
1344,john,lee,16
1345,mike,lol,16
1346,steven,smith,7
1347,dave,ly,8
1348,anna,lee,13
1349,steven,curry,6
1350,mark,nguyen ,8
1351,mark,rose,7
1352,mark,jordan,10
1353,john,lol,6
1354,anna,lee,15
1355,mark,ly,5
1356,anna,johnson,2
1357,john,jordan,2
1358,mike,rose,12
1359,mark,nguyen ,1
1360,jessica,johnson,7
1361,dave,jordan,14
1362,jenny,vo,8
1363,annie,ly,16
1364,kevin,ly,16
1365,anna,smith,6
1366,annie,jordan,11
1367,jessica,smith,12
1368,anna,ly,16
1369,annie,vo,13
1370,john,johnson,14
1371,anna,vo,6
1372,jessica,ly,2
1373,annie,smith,8
1374,jessica,lol,11
1375,jessica,smith,3
1376,dave,ly,5
1377,steven,nguyen ,12
1378,john,ly,16
1379,mark,rose,13
1380,jenny,jordan,16
1381,jessica,ly,1
1382,annie,vo,14
1383,annie,smith,5
1384,kevin,vo,10
1385,steven,lee,8
1386,jenny,lol,6
1387,mike,nguyen ,3
1388,jessica,lol,8
1389,dave,johnson,11
1390,steven,lee,10
1391,mark,lee,10
1392,kevin,jordan,8
1393,dave,lol,3
1394,dave,vo,5
1395,jenny,lee,1
1396,jessica,rose,1
1397,steven,ly,11
1398,annie,lee,4
1399,john,jordan,11
1400,steven,nguyen ,12
1401,mark,curry,12
1402,jessica,ly,13
1403,dave,ly,6
1404,mark,vo,5
1405,annie,nguyen ,14
1406,kevin,smith,10
1407,mark,vo,1
1408,jenny,curry,5
1409,mike,curry,2
1410,jessica,rose,12
1411,dave,lol,9
1412,annie,smith,15
1413,dave,ly,7
1414,john,nguyen ,7
1415,anna,nguyen ,8
1416,annie,johnson,7
1417,mike,lol,9
1418,anna,lee,8
1419,mike,lee,6
1420,annie,ly,10
1421,mike,rose,8
1422,dave,curry,1
1423,anna,smith,1
1424,jenny,lee,12
1425,mark,lee,7
1426,anna,jordan,14
1427,anna,johnson,12
1428,jessica,lee,10
1429,kevin,curry,8
1430,annie,vo,15
1431,mark,lee,9
1432,mark,nguyen ,16
1433,kevin,lee,7
1434,kevin,nguyen ,15
1435,anna,rose,11
1436,dave,rose,1
1437,mark,jordan,2
1438,kevin,curry,11
1439,dave,johnson,14
1440,anna,jordan,12
1441,dave,rose,2
1442,annie,curry,7
1443,annie,jordan,6
1444,dave,vo,1
1445,anna,johnson,2
1446,kevin,johnson,16
1447,mike,curry,14
1448,steven,lol,16
1449,steven,jordan,9
1450,anna,lee,4
1451,kevin,lee,4
1452,john,nguyen ,8
1453,anna,johnson,2
1454,annie,vo,3
1455,mike,rose,5
1456,kevin,smith,4
1457,jenny,lee,5
1458,annie,jordan,5
1459,annie,smith,3
1460,annie,lee,7
1461,john,curry,12
1462,jessica,vo,3
1463,dave,ly,15
1464,john,vo,15
1465,jessica,vo,7
1466,anna,rose,3
1467,annie,lee,5
1468,dave,smith,4
1469,john,curry,11
1470,jenny,curry,3
1471,john,nguyen ,2
1472,annie,johnson,9
1473,jenny,smith,9
1474,mark,jordan,6
1475,mark,ly,9
1476,annie,nguyen ,11
1477,jessica,johnson,14
1478,jessica,ly,6
1479,mike,lee,4
1480,anna,lol,9
1481,kevin,ly,1
1482,mark,lee,2
1483,steven,rose,10
1484,steven,lee,16
1485,dave,lee,14
1486,jessica,jordan,5
1487,anna,lol,6
1488,anna,lol,10
1489,steven,nguyen ,4
1490,kevin,curry,3
1491,kevin,lol,8
1492,anna,rose,7
1493,steven,curry,1
1494,mike,nguyen ,15
1495,jenny,vo,6
1496,jenny,vo,5
1497,mark,rose,16
1498,jessica,nguyen ,2
1499,john,curry,14
1500,jenny,jordan,3
1501,steven,johnson,16
1502,mike,vo,9
1503,john,lol,7
1504,john,jordan,1
1505,jessica,nguyen ,2
1506,mike,nguyen ,11
1507,jenny,curry,15
1508,jenny,vo,14
1509,john,jordan,12
1510,steven,ly,9
1511,jessica,curry,7
1512,steven,lol,8
1513,steven,johnson,1
1514,jessica,ly,9
1515,jessica,lee,8
1516,dave,rose,2
1517,kevin,lol,14
1518,dave,nguyen ,1
1519,mike,rose,2
1520,annie,curry,6
1521,steven,ly,11
1522,mark,smith,12
1523,annie,lee,8
1524,anna,curry,5
1525,anna,ly,9
1526,dave,smith,10
1527,annie,johnson,3
1528,jessica,smith,11
1529,annie,lol,7
1530,kevin,smith,8
1531,jessica,johnson,15
1532,jessica,jordan,16
1533,dave,lee,14
1534,anna,rose,10
1535,anna,lol,4
1536,steven,rose,2
1537,dave,johnson,3
1538,mike,johnson,12
1539,kevin,johnson,9
1540,kevin,ly,5
1541,jessica,rose,6
1542,john,rose,6
1543,mike,nguyen ,2
1544,john,rose,6
1545,steven,jordan,4
1546,john,johnson,11
1547,jessica,smith,6
1548,mike,rose,4
1549,john,ly,14
1550,anna,nguyen ,6
1551,steven,lol,2
1552,dave,jordan,11
1553,anna,smith,8
1554,mike,ly,13
1555,john,curry,5
1556,steven,jordan,6
1557,mark,johnson,11
1558,mike,vo,13
1559,john,jordan,7
1560,annie,nguyen ,5
1561,annie,ly,14
1562,jessica,ly,9
1563,john,ly,12
1564,steven,jordan,2
1565,jessica,smith,6
1566,annie,johnson,11
1567,john,nguyen ,14
1568,mike,curry,7
1569,mike,lol,16
1570,annie,smith,14
1571,dave,lol,4
1572,mark,curry,14
1573,john,johnson,16
1574,steven,johnson,4
1575,john,lol,9
1576,john,jordan,16
1577,kevin,curry,16
1578,kevin,curry,15
1579,jessica,johnson,2
1580,steven,lol,8
1581,mark,ly,6
1582,anna,lol,4
1583,dave,ly,9
1584,mark,lee,2
1585,annie,ly,5
1586,mike,lee,1
1587,mark,johnson,4
1588,annie,jordan,13
1589,mark,smith,13
1590,annie,jordan,15
1591,annie,ly,3
1592,john,curry,3
1593,john,rose,13
1594,john,ly,7
1595,jessica,ly,2
1596,kevin,nguyen ,1
1597,annie,ly,12
1598,jenny,johnson,15
1599,kevin,lee,15
1600,steven,jordan,12
1601,mike,nguyen ,1
1602,annie,ly,7
1603,annie,vo,2
1604,dave,nguyen ,9
1605,dave,johnson,15
1606,annie,jordan,11
1607,kevin,lol,11
1608,mike,smith,13
1609,steven,rose,12
1610,john,rose,6
1611,mark,nguyen ,10
1612,steven,smith,15
1613,annie,vo,5
1614,mike,smith,13
1615,annie,lee,15
1616,mark,rose,7
1617,jessica,jordan,10
1618,anna,rose,12
1619,steven,nguyen ,9
1620,annie,ly,12
1621,kevin,ly,16
1622,anna,johnson,11
1623,anna,lee,9
1624,jessica,ly,13
1625,mark,lee,1
1626,mike,rose,12
1627,dave,nguyen ,11
1628,annie,lol,1
1629,john,smith,12
1630,anna,curry,5
1631,annie,lee,5
1632,annie,johnson,4
1633,jenny,ly,7
1634,jenny,jordan,15
1635,annie,lol,14
1636,jessica,lol,8
1637,jessica,nguyen ,9
1638,dave,lol,14
1639,anna,curry,13
1640,annie,ly,13
1641,steven,jordan,8
1642,anna,nguyen ,12
1643,john,johnson,16
1644,jessica,jordan,7
1645,annie,ly,1
1646,mike,nguyen ,4
1647,kevin,jordan,9
1648,steven,smith,11
1649,jessica,jordan,6
1650,john,curry,15
1651,anna,nguyen ,16
1652,anna,jordan,9
1653,jessica,nguyen ,14
1654,jenny,lee,4
1655,john,rose,8
1656,dave,ly,2
1657,jenny,rose,14
1658,jessica,nguyen ,13
1659,anna,johnson,13
1660,anna,ly,8
1661,mark,curry,7
1662,jessica,johnson,8
1663,steven,nguyen ,15
1664,mike,lol,14
1665,john,vo,13
1666,jenny,curry,12
1667,kevin,jordan,2
1668,jenny,johnson,10
1669,jenny,curry,4
1670,anna,johnson,8
1671,jessica,nguyen ,15
1672,jessica,vo,10
1673,anna,johnson,12
1674,jenny,nguyen ,14
1675,kevin,vo,3
1676,jenny,nguyen ,13
1677,jessica,lol,9
1678,john,vo,11
1679,steven,johnson,6
1680,dave,rose,16
1681,steven,vo,10
1682,john,lee,11
1683,steven,lee,15
1684,anna,johnson,8
1685,steven,nguyen ,12
1686,kevin,rose,5
1687,mark,ly,4
1688,mike,jordan,1
1689,anna,jordan,9
1690,jenny,nguyen ,15
1691,jenny,nguyen ,9
1692,mike,smith,11
1693,anna,johnson,7
1694,steven,lol,2
1695,anna,nguyen ,9
1696,kevin,smith,11
1697,mike,lee,1
1698,anna,rose,10
1699,anna,ly,7
1700,mark,vo,7
1701,john,lol,16
1702,anna,curry,3
1703,kevin,johnson,7
1704,annie,johnson,13
1705,steven,ly,5
1706,mark,vo,12
1707,jenny,jordan,10
1708,jenny,vo,8
1709,steven,curry,1
1710,kevin,lee,13
1711,steven,jordan,14
1712,jessica,ly,5
1713,anna,vo,9
1714,annie,lol,10
1715,annie,johnson,2
1716,jessica,lee,9
1717,john,jordan,4
1718,kevin,jordan,6
1719,annie,vo,14
1720,steven,lol,7
1721,john,rose,8
1722,mike,lee,10
1723,dave,lee,3
1724,annie,vo,8
1725,mike,lee,5
1726,john,ly,15
1727,steven,vo,16
1728,mark,ly,5
1729,dave,smith,3
1730,jenny,lee,16
1731,mike,nguyen ,11
1732,annie,lee,12
1733,annie,smith,14
1734,anna,johnson,14
1735,dave,jordan,12
1736,anna,nguyen ,6
1737,mark,curry,14
1738,mark,lol,16
1739,annie,curry,6
1740,dave,curry,1
1741,jessica,johnson,13
1742,mike,lol,12
1743,jenny,lol,13
1744,anna,rose,11
1745,jessica,curry,14
1746,mark,nguyen ,2
1747,dave,ly,7
1748,mark,lee,3
1749,annie,jordan,15
1750,steven,curry,4
1751,dave,lee,3
1752,jenny,lol,1
1753,dave,jordan,16
1754,annie,johnson,9
1755,jenny,nguyen ,16
1756,john,curry,7
1757,anna,smith,5
1758,john,nguyen ,3
1759,john,smith,15
1760,anna,curry,1
1761,mark,curry,1
1762,mike,smith,13
1763,john,ly,5
1764,annie,vo,6
1765,john,lol,16
1766,dave,lee,9
1767,anna,jordan,10
1768,kevin,nguyen ,5
1769,dave,rose,10
1770,anna,ly,15
1771,john,rose,9
1772,mark,curry,13
1773,john,johnson,4
1774,annie,lol,8
1775,jenny,rose,1
1776,anna,jordan,15
1777,annie,smith,8
1778,anna,vo,15
1779,dave,smith,2
1780,jenny,jordan,9
1781,jenny,lee,4
1782,anna,smith,10
1783,steven,lee,1
1784,mike,jordan,9
1785,anna,lee,7
1786,dave,ly,3
1787,kevin,ly,4
1788,mike,johnson,6
1789,anna,ly,6
1790,john,lol,7
1791,dave,ly,2
1792,john,ly,4
1793,jessica,jordan,15
1794,dave,smith,5
1795,mark,smith,12
1796,steven,johnson,5
1797,jessica,ly,8
1798,mike,lol,14
1799,john,jordan,1
1800,annie,smith,15
1801,mike,rose,12
1802,kevin,lee,10
1803,john,ly,1
1804,john,smith,10
1805,mark,nguyen ,11
1806,john,rose,8
1807,annie,johnson,12
1808,steven,johnson,4
1809,mike,nguyen ,15
1810,dave,nguyen ,8
1811,mike,lee,3
1812,dave,vo,6
1813,dave,lee,3
1814,mike,rose,3
1815,kevin,lol,4
1816,anna,rose,3
1817,mike,rose,15
1818,steven,jordan,7
1819,john,ly,2
1820,jenny,ly,5
1821,annie,johnson,14
1822,dave,jordan,16
1823,jenny,smith,13
1824,annie,vo,9
1825,john,nguyen ,1
1826,kevin,nguyen ,1
1827,mark,lol,14
1828,steven,vo,2
1829,dave,johnson,12
1830,jenny,jordan,5
1831,mike,jordan,5
1832,dave,jordan,15
1833,kevin,lee,1
1834,anna,ly,6
1835,john,lol,9
1836,anna,rose,15
1837,kevin,smith,12
1838,anna,lee,1
1839,anna,jordan,2
1840,mark,ly,10
1841,jessica,lee,4
1842,mark,smith,13
1843,kevin,jordan,11
1844,john,curry,12
1845,jenny,lee,2
1846,mark,smith,7
1847,anna,nguyen ,1
1848,annie,ly,1
1849,mark,jordan,11
1850,dave,johnson,5
1851,anna,johnson,2
1852,kevin,curry,6
1853,kevin,ly,4
1854,annie,rose,3
1855,john,smith,10
1856,mark,ly,16
1857,jessica,johnson,12
1858,kevin,lee,14
1859,jessica,lol,1
1860,annie,lee,7
1861,anna,vo,4
1862,kevin,rose,8
1863,steven,johnson,2
1864,anna,lee,6
1865,dave,curry,2
1866,kevin,jordan,9
1867,kevin,rose,7
1868,jessica,lee,8
1869,dave,jordan,10
1870,anna,johnson,10
1871,mark,ly,6
1872,jenny,nguyen ,6
1873,dave,lol,2
1874,dave,vo,6
1875,mike,rose,3
1876,jenny,jordan,1
1877,dave,rose,11
1878,anna,nguyen ,6
1879,john,curry,3
1880,john,lol,3
1881,mike,vo,9
1882,steven,ly,4
1883,jessica,vo,3
1884,jenny,rose,6
1885,annie,jordan,10
1886,kevin,vo,9
1887,john,lee,4
1888,mark,vo,15
1889,jessica,johnson,2
1890,jenny,johnson,13
1891,john,curry,13
1892,steven,nguyen ,9
1893,steven,jordan,2
1894,annie,curry,14
1895,mark,smith,12
1896,jenny,lee,13
1897,mike,smith,4
1898,jenny,vo,9
1899,steven,lee,5
1900,jessica,lee,11
1901,jessica,nguyen ,16
1902,anna,smith,10
1903,kevin,nguyen ,15
1904,annie,rose,7
1905,anna,curry,1
1906,mark,lee,9
1907,jessica,jordan,2
1908,annie,vo,11
1909,kevin,lol,7
1910,jessica,vo,9
1911,steven,lee,7
1912,mark,jordan,10
1913,anna,johnson,10
1914,john,curry,10
1915,mike,curry,6
1916,kevin,smith,13
1917,john,curry,3
1918,annie,smith,13
1919,jenny,jordan,12
1920,mark,jordan,14
1921,jessica,curry,3
1922,dave,rose,1
1923,dave,lee,10
1924,john,lol,11
1925,mark,vo,13
1926,mike,lol,4
1927,annie,lee,15
1928,mike,lee,1
1929,john,curry,4
1930,jessica,johnson,12
1931,dave,vo,4
1932,jenny,jordan,5
1933,anna,jordan,9
1934,mark,johnson,14
1935,anna,johnson,8
1936,kevin,ly,2
1937,jessica,johnson,6
1938,anna,lee,3
1939,annie,lee,8
1940,dave,rose,14
1941,kevin,johnson,5
1942,mike,nguyen ,11
1943,steven,lee,16
1944,annie,jordan,8
1945,mark,jordan,3
1946,john,vo,15
1947,dave,ly,9
1948,mike,ly,3
1949,john,curry,1
1950,jenny,johnson,1
1951,anna,johnson,2
1952,steven,ly,7
1953,jessica,smith,6
1954,steven,nguyen ,14
1955,anna,johnson,16
1956,annie,lol,1
1957,annie,lol,4
1958,dave,vo,6
1959,anna,johnson,7
1960,mark,smith,4
1961,mike,johnson,14
1962,jenny,lee,6
1963,mike,ly,14
1964,steven,nguyen ,10
1965,john,rose,5
1966,jessica,ly,13
1967,annie,rose,5
1968,anna,smith,2
1969,mike,jordan,5
1970,mark,rose,1
1971,steven,lol,16
1972,kevin,johnson,15
1973,annie,johnson,1
1974,mike,lee,13
1975,john,johnson,4
1976,annie,lol,1
1977,mark,lol,8
1978,jenny,lee,13
1979,kevin,ly,1
1980,steven,lol,6
1981,john,lol,16
1982,dave,curry,15
1983,steven,vo,9
1984,dave,rose,13
1985,john,jordan,14
1986,anna,nguyen ,13
1987,john,lol,8
1988,annie,johnson,13
1989,annie,smith,9
1990,annie,jordan,2
1991,anna,curry,3
1992,jessica,smith,7
1993,mark,jordan,4
1994,john,rose,1
1995,mark,lee,6
1996,annie,smith,1
1997,dave,nguyen ,16
1998,mike,lee,8
1999,dave,smith,12
2000,jenny,nguyen ,14
2001,annie,jordan,7
2002,kevin,ly,4
2003,mark,johnson,14
2004,jenny,johnson,2
2005,kevin,vo,3
2006,mike,ly,3
2007,kevin,johnson,15
2008,anna,nguyen ,1
2009,annie,nguyen ,14
2010,mark,vo,4
2011,mark,rose,12
2012,steven,lee,15
2013,jenny,johnson,3
2014,mike,vo,16
2015,john,lol,12
2016,john,lol,7
2017,mike,lee,15
2018,mike,rose,16
2019,steven,nguyen ,5
2020,jessica,rose,2
2021,mike,jordan,14
2022,steven,curry,16
2023,kevin,ly,5
2024,jessica,jordan,14
2025,dave,lol,13
2026,anna,ly,4
2027,mark,rose,6
2028,mark,rose,14
2029,john,rose,14
2030,john,lee,3
2031,kevin,jordan,1
2032,mike,ly,8
2033,anna,curry,5
2034,anna,jordan,5
2035,annie,curry,6
2036,steven,lol,4
2037,jenny,vo,7
2038,jenny,nguyen ,5
2039,anna,vo,7
2040,anna,lol,15
2041,mike,johnson,14
2042,dave,lee,2
2043,jenny,lee,12
2044,annie,vo,4
2045,annie,smith,13
2046,mike,rose,10
2047,mark,johnson,5
2048,jenny,rose,15
2049,steven,nguyen ,8
2050,anna,nguyen ,14
2051,dave,curry,14
2052,jenny,lol,16
2053,jessica,lol,3
2054,mark,lol,9
2055,annie,lol,4
2056,steven,jordan,9
2057,dave,vo,7
2058,mark,curry,2
2059,mike,johnson,8
2060,jenny,lol,10
2061,dave,nguyen ,8
2062,john,lee,7
2063,mark,jordan,1
2064,dave,johnson,12
2065,annie,nguyen ,8
2066,jessica,lee,5
2067,steven,ly,9
2068,mark,johnson,3
2069,dave,lee,7
2070,dave,smith,13
2071,annie,nguyen ,12
2072,kevin,jordan,9
2073,annie,lee,10
2074,dave,nguyen ,12
2075,jessica,curry,2
2076,jenny,smith,6
2077,annie,nguyen ,16
2078,dave,lee,1
2079,jenny,jordan,8
2080,mike,curry,10
2081,john,ly,16
2082,anna,vo,10
2083,mike,jordan,16
2084,jenny,curry,13
2085,jessica,vo,3
2086,anna,nguyen ,13
2087,mark,smith,13
2088,dave,lee,6
2089,annie,rose,1
2090,annie,curry,8
2091,kevin,johnson,4
2092,kevin,jordan,8
2093,mike,lol,16
2094,steven,ly,14
2095,anna,curry,11
2096,dave,ly,16
2097,mark,lol,13
2098,anna,ly,5
2099,steven,lol,4
2100,dave,lee,7
2101,dave,lee,10
2102,mark,ly,9
2103,mark,jordan,3
2104,anna,ly,9
2105,john,johnson,11
2106,anna,lee,15
2107,anna,ly,2
2108,annie,rose,7
2109,steven,jordan,4
2110,annie,smith,16
2111,mark,ly,11
2112,jessica,johnson,11
2113,dave,lee,15
2114,mark,vo,5
2115,jessica,vo,2
2116,mike,rose,9
2117,steven,smith,8
2118,kevin,johnson,6
2119,mike,smith,14
2120,jessica,johnson,6
2121,mark,jordan,12
2122,mark,lee,4
2123,jenny,johnson,8
2124,kevin,rose,10
2125,john,johnson,15
2126,jenny,vo,5
2127,kevin,lol,5
2128,jenny,johnson,5
2129,mark,lol,10
2130,jenny,smith,1
2131,mark,curry,12
2132,anna,lol,14
2133,anna,johnson,1
2134,mike,vo,12
2135,anna,vo,16
2136,kevin,johnson,7
2137,john,nguyen ,10
2138,anna,nguyen ,9
2139,anna,jordan,9
2140,steven,lee,2
2141,dave,rose,3
2142,mark,jordan,15
2143,mark,nguyen ,11
2144,anna,jordan,10
2145,dave,lol,6
2146,steven,rose,14
2147,mike,smith,11
2148,steven,jordan,3
2149,jenny,vo,15
2150,steven,curry,9
2151,john,ly,8
2152,mark,vo,7
2153,mark,lol,5
2154,john,jordan,4
2155,dave,jordan,14
2156,jessica,smith,3
2157,jessica,nguyen ,15
2158,annie,jordan,15
2159,john,lol,13
2160,jessica,rose,7
2161,jenny,vo,7
2162,jenny,vo,2
2163,kevin,nguyen ,9
2164,mike,lol,4
2165,john,lee,3
2166,mark,rose,4
2167,mike,curry,1
2168,dave,ly,8
2169,mark,nguyen ,3
2170,kevin,nguyen ,6
2171,john,nguyen ,10
2172,kevin,lee,14
2173,john,curry,1
2174,john,lol,1
2175,john,vo,13
2176,mike,curry,8
2177,mark,lee,14
2178,anna,nguyen ,2
2179,steven,jordan,5
2180,jenny,ly,12
2181,annie,jordan,2
2182,steven,ly,12
2183,anna,curry,11
2184,john,ly,10
2185,john,smith,9
2186,jessica,smith,6
2187,mark,smith,16
2188,annie,johnson,10
2189,annie,rose,9
2190,jessica,jordan,3
2191,annie,smith,11
2192,dave,lee,5
2193,john,jordan,2
2194,mike,vo,9
2195,jessica,ly,15
2196,dave,smith,6
2197,john,lol,16
2198,mike,curry,1
2199,annie,ly,1
2200,kevin,rose,11
2201,anna,lol,1
2202,mark,vo,4
2203,john,jordan,14
2204,jessica,jordan,10
2205,steven,smith,2
2206,mike,curry,1
2207,annie,smith,16
2208,mark,lee,4
2209,john,vo,6
2210,dave,smith,7
2211,john,curry,3
2212,dave,lee,6
2213,john,johnson,16
2214,mark,curry,8
2215,dave,rose,11
2216,mike,smith,13
2217,annie,rose,14
2218,dave,rose,14
2219,mike,lol,3
2220,john,vo,9
2221,mark,johnson,13
2222,annie,ly,4
2223,dave,smith,13
2224,dave,johnson,16
2225,john,curry,13
2226,jenny,jordan,8
2227,jessica,lol,4
2228,john,lol,10
2229,annie,ly,12
2230,john,rose,1
2231,anna,curry,3
2232,annie,jordan,7
2233,jessica,jordan,11
2234,jessica,curry,16
2235,anna,lol,13
2236,dave,lee,10
2237,john,vo,6
2238,john,johnson,5
2239,steven,vo,3
2240,mike,smith,16
2241,anna,nguyen ,1
2242,jessica,smith,16
2243,mark,johnson,3
2244,jessica,nguyen ,6
2245,john,lee,16
2246,dave,curry,10
2247,jenny,smith,15
2248,annie,lol,3
2249,jenny,rose,13
2250,anna,ly,3
2251,kevin,smith,7
2252,jenny,vo,8
2253,kevin,curry,5
2254,jessica,vo,4
2255,mark,rose,2
2256,jenny,nguyen ,10
2257,steven,smith,6
2258,mark,ly,12
2259,steven,lol,9
2260,john,jordan,4
2261,mike,lol,15
2262,dave,rose,14
2263,steven,smith,2
2264,jessica,rose,15
2265,anna,rose,10
2266,anna,johnson,6
2267,annie,nguyen ,8
2268,jenny,rose,11
2269,mark,ly,1
2270,annie,jordan,13
2271,mike,ly,8
2272,annie,ly,5
2273,mark,rose,16
2274,jessica,vo,2
2275,john,rose,5
2276,annie,ly,12
2277,mike,lee,5
2278,dave,lol,7
2279,jenny,johnson,13
2280,jenny,smith,4
2281,kevin,rose,16
2282,kevin,vo,5
2283,mark,lee,7
2284,john,curry,1
2285,dave,lol,13
2286,dave,rose,12
2287,mike,rose,10
2288,mark,rose,2
2289,annie,curry,9
2290,jenny,jordan,8
2291,kevin,ly,8
2292,john,smith,4
2293,jessica,jordan,13
2294,mark,curry,13
2295,kevin,vo,16
2296,mike,smith,1
2297,dave,curry,14
2298,mark,smith,6
2299,kevin,curry,8
2300,jenny,rose,4
2301,dave,nguyen ,16
2302,steven,curry,7
2303,annie,lol,6
2304,annie,rose,12
2305,dave,curry,16
2306,anna,johnson,10
2307,jenny,vo,10
2308,mike,nguyen ,11
2309,john,rose,11
2310,mike,jordan,5
2311,steven,lee,4
2312,steven,lol,6
2313,kevin,rose,6
2314,steven,smith,16
2315,steven,ly,8
2316,steven,jordan,4
2317,john,lee,7
2318,steven,smith,9
2319,dave,lee,1
2320,mike,lol,2
2321,dave,smith,9
2322,anna,smith,11
2323,john,johnson,4
2324,dave,curry,1
2325,anna,lol,15
2326,kevin,lee,1
2327,steven,nguyen ,14
2328,jenny,rose,14
2329,steven,vo,1
2330,dave,johnson,3
2331,annie,nguyen ,3
2332,kevin,nguyen ,13
2333,mark,smith,6
2334,dave,nguyen ,8
2335,dave,smith,15
2336,dave,lol,15
2337,kevin,vo,9
2338,steven,lee,13
2339,john,rose,11
2340,mark,lee,11
2341,mike,johnson,4
2342,kevin,lee,5
2343,anna,lol,9
2344,jenny,lee,9
2345,jenny,nguyen ,14
2346,anna,lol,12
2347,dave,smith,8
2348,john,nguyen ,10
2349,dave,ly,16
2350,dave,lee,6
2351,jenny,lee,3
2352,mike,jordan,1
2353,mike,vo,14
2354,mark,vo,10
2355,steven,rose,14
2356,dave,ly,11
2357,dave,jordan,11
2358,anna,rose,7
2359,steven,jordan,13
2360,steven,rose,2
2361,john,lee,10
2362,jessica,ly,14
2363,anna,vo,13
2364,mike,curry,7
2365,steven,ly,3
2366,annie,smith,2
2367,kevin,ly,16
2368,anna,lol,13
2369,mike,jordan,10
2370,mike,rose,16
2371,steven,vo,8
2372,kevin,curry,7
2373,anna,johnson,1
2374,mark,lol,6
2375,annie,vo,7
2376,jessica,johnson,11
2377,john,lee,1
2378,steven,vo,16
2379,annie,curry,10
2380,dave,vo,14
2381,dave,nguyen ,2
2382,kevin,lol,13
2383,jenny,jordan,8
2384,annie,jordan,8
2385,steven,jordan,6
2386,dave,johnson,7
2387,jenny,ly,12
2388,anna,vo,1
2389,kevin,vo,13
2390,mike,nguyen ,13
2391,steven,vo,15
2392,jenny,ly,10
2393,steven,curry,9
2394,kevin,curry,5
2395,john,smith,15
2396,kevin,lol,13
2397,jenny,johnson,10
2398,anna,curry,5
2399,steven,nguyen ,15
2400,john,curry,4
2401,dave,johnson,10
2402,jenny,ly,2
2403,annie,lol,6
2404,anna,jordan,1
2405,jessica,rose,11
2406,kevin,lol,3
2407,jessica,vo,8
2408,kevin,lee,14
2409,jenny,lol,15
2410,mark,smith,6
2411,mike,curry,12
2412,steven,rose,12
2413,anna,vo,15
2414,steven,ly,7
2415,kevin,lol,4
2416,jessica,ly,13
2417,john,lol,6
2418,mike,vo,11
2419,john,curry,12
2420,kevin,lol,12
2421,jenny,rose,13
2422,jessica,vo,15
2423,jessica,curry,2
2424,kevin,ly,9
2425,mark,ly,1
2426,steven,vo,10
2427,annie,vo,9
2428,kevin,johnson,1
2429,annie,rose,5
2430,jessica,nguyen ,7
2431,dave,lee,8
2432,mike,lee,9
2433,jessica,johnson,9
2434,mark,vo,8
2435,kevin,nguyen ,13
2436,dave,rose,15
2437,jessica,johnson,2
2438,dave,rose,8
2439,steven,lee,8
2440,kevin,lee,12
2441,anna,lee,16
2442,anna,johnson,16
2443,jessica,rose,13
2444,jenny,ly,6
2445,jenny,smith,1
2446,anna,lee,10
2447,annie,smith,5
2448,jessica,lee,1
2449,mark,ly,4
2450,dave,nguyen ,3
2451,anna,ly,3
2452,jessica,ly,5
2453,john,nguyen ,5
2454,mike,curry,14
2455,steven,ly,8
2456,jessica,smith,7
2457,steven,ly,12
2458,jessica,jordan,8
2459,dave,curry,7
2460,john,smith,3
2461,steven,nguyen ,4
2462,mike,smith,1
2463,steven,ly,8
2464,anna,rose,5
2465,annie,curry,1
2466,mark,jordan,13
2467,kevin,curry,9
2468,mike,vo,4
2469,anna,jordan,16
2470,jessica,lee,2
2471,steven,ly,10
2472,mark,vo,14
2473,mark,lol,12
2474,jenny,lee,11
2475,steven,lol,16
2476,dave,smith,16
2477,annie,johnson,9
2478,kevin,nguyen ,4
2479,anna,ly,14
2480,john,curry,6
2481,mike,lol,16
2482,anna,smith,8
2483,mike,smith,11
2484,steven,vo,4
2485,jessica,lol,15
2486,steven,smith,3
2487,jenny,vo,1
2488,anna,smith,7
2489,mark,rose,5
2490,jenny,vo,10
2491,mike,lol,14
2492,kevin,lol,8
2493,kevin,vo,3
2494,jessica,nguyen ,1
2495,annie,lee,12
2496,mark,rose,3
2497,steven,curry,11
2498,mark,rose,10
2499,anna,jordan,3
2500,mark,jordan,4
2501,jenny,lol,3
2502,john,jordan,10
2503,kevin,jordan,16
2504,kevin,smith,14
2505,anna,vo,1
2506,mark,jordan,3
2507,jessica,vo,10
2508,jessica,johnson,1
2509,steven,curry,13
2510,jessica,johnson,6
2511,kevin,nguyen ,9
2512,jenny,ly,2
2513,mike,lee,10
2514,mark,jordan,8
2515,john,ly,2
2516,jessica,lol,6
2517,jenny,nguyen ,3
2518,john,rose,4
2519,dave,johnson,12
2520,mike,curry,16
2521,annie,jordan,16
2522,jessica,nguyen ,13
2523,mark,curry,15
2524,mark,lee,16
2525,john,curry,10
2526,jessica,nguyen ,12
2527,mark,lee,10
2528,kevin,curry,10
2529,anna,lee,4
2530,dave,nguyen ,12
2531,kevin,vo,3
2532,jessica,rose,3
2533,annie,ly,8
2534,mark,ly,6
2535,jessica,smith,12
2536,anna,curry,8
2537,annie,johnson,14
2538,jessica,smith,6
2539,jenny,vo,4
2540,dave,nguyen ,7
2541,steven,lol,9
2542,jenny,smith,2
2543,kevin,lee,5
2544,annie,jordan,14
2545,kevin,jordan,6
2546,anna,rose,3
2547,john,smith,8
2548,mark,ly,7
2549,jenny,ly,1
2550,anna,lol,14
2551,dave,lee,11
2552,kevin,jordan,13
2553,jenny,jordan,11
2554,dave,nguyen ,16
2555,jessica,nguyen ,13
2556,john,nguyen ,5
2557,annie,johnson,13
2558,jenny,rose,5
2559,steven,nguyen ,2
2560,mike,ly,3
2561,mark,jordan,13
2562,mark,vo,2
2563,anna,curry,1
2564,kevin,jordan,12
2565,anna,lee,1
2566,annie,vo,1
2567,annie,jordan,9
2568,jenny,rose,6
2569,jessica,curry,1
2570,dave,jordan,15
2571,jessica,rose,15
2572,dave,jordan,6
2573,annie,jordan,15
2574,mike,vo,12
2575,dave,ly,10
2576,anna,nguyen ,9
2577,anna,johnson,5
2578,dave,rose,9
2579,jenny,lee,16
2580,john,lee,3
2581,anna,jordan,3
2582,john,nguyen ,7
2583,mike,johnson,12
2584,kevin,jordan,5
2585,anna,ly,3
2586,jenny,curry,2
2587,annie,smith,16
2588,mike,nguyen ,3
2589,jessica,lol,4
2590,annie,vo,10
2591,kevin,nguyen ,7
2592,mike,rose,2
2593,dave,ly,12
2594,mike,vo,12
2595,jenny,smith,6
2596,jessica,rose,10
2597,mark,smith,10
2598,jessica,jordan,10
2599,dave,rose,11
2600,mark,johnson,11
2601,steven,lol,8
2602,steven,curry,10
2603,jenny,rose,16
2604,anna,curry,15
2605,mark,lee,14
2606,jessica,rose,2
2607,john,jordan,13
2608,jenny,jordan,11
2609,jenny,jordan,15
2610,john,nguyen ,1
2611,jenny,rose,9
2612,john,ly,9
2613,annie,lee,3
2614,mark,vo,6
2615,jessica,lee,1
2616,mark,smith,3
2617,dave,lol,6
2618,dave,curry,11
2619,dave,lol,9
2620,kevin,ly,1
2621,mike,nguyen ,9
2622,jenny,johnson,10
2623,annie,jordan,14
2624,john,jordan,11
2625,mike,vo,7
2626,mike,nguyen ,9
2627,mark,vo,9
2628,steven,ly,4
2629,dave,jordan,10
2630,jessica,lol,4
2631,mike,smith,7
2632,mike,jordan,9
2633,mike,jordan,8
2634,mike,rose,9
2635,jenny,curry,2
2636,annie,jordan,14
2637,jenny,nguyen ,10
2638,john,ly,8
2639,jenny,curry,6
2640,kevin,smith,12
2641,mike,jordan,1
2642,mark,jordan,13
2643,annie,lol,2
2644,jessica,ly,7
2645,steven,curry,11
2646,dave,nguyen ,4
2647,steven,vo,14
2648,annie,smith,5
2649,annie,ly,8
2650,jessica,rose,12
2651,dave,johnson,14
2652,steven,jordan,4
2653,jessica,rose,3
2654,mike,lee,12
2655,john,curry,13
2656,mike,smith,5
2657,kevin,curry,15
2658,mike,ly,15
2659,kevin,jordan,10
2660,steven,rose,1
2661,anna,lol,2
2662,jessica,lol,6
2663,john,jordan,6
2664,john,jordan,5
2665,jessica,lol,9
2666,annie,smith,13
2667,steven,lol,5
2668,anna,vo,7
2669,mike,lee,1
2670,jessica,vo,2
2671,jenny,johnson,15
2672,john,vo,14
2673,jessica,rose,3
2674,jenny,nguyen ,10
2675,mark,nguyen ,13
2676,john,curry,14
2677,john,ly,5
2678,mark,smith,8
2679,jenny,nguyen ,13
2680,anna,nguyen ,16
2681,kevin,curry,6
2682,anna,ly,5
2683,john,jordan,2
2684,jenny,johnson,9
2685,kevin,vo,1
2686,dave,jordan,16
2687,jenny,johnson,9
2688,anna,vo,8
2689,annie,smith,5
2690,kevin,johnson,5
2691,kevin,vo,4
2692,jessica,vo,14
2693,jessica,vo,3
2694,anna,jordan,4
2695,kevin,curry,15
2696,jessica,curry,15
2697,mike,ly,9
2698,jenny,nguyen ,9
2699,kevin,jordan,10
2700,annie,vo,3
2701,mike,vo,1
2702,jenny,johnson,11
2703,mike,jordan,13
2704,steven,rose,1
2705,john,vo,3
2706,dave,ly,6
2707,jenny,curry,6
2708,mike,rose,9
2709,jenny,smith,15
2710,anna,jordan,14
2711,mark,nguyen ,2
2712,jessica,smith,2
2713,anna,lol,13
2714,jenny,ly,8
2715,kevin,johnson,7
2716,kevin,smith,16
2717,steven,rose,3
2718,steven,lol,14
2719,anna,jordan,2
2720,jenny,jordan,7
2721,mark,johnson,8
2722,anna,vo,2
2723,jenny,nguyen ,13
2724,jessica,smith,10
2725,mike,rose,15
2726,mark,vo,4
2727,john,jordan,15
2728,john,rose,7
2729,mark,jordan,5
2730,dave,lol,10
2731,jessica,lee,9
2732,dave,smith,10
2733,kevin,nguyen ,12
2734,mark,lol,14
2735,john,lee,8
2736,kevin,rose,8
2737,mark,johnson,2
2738,mike,curry,5
2739,dave,smith,1
2740,mike,lol,15
2741,jessica,rose,12
2742,mike,lee,4
2743,mark,rose,1
2744,mark,smith,5
2745,john,vo,12
2746,dave,johnson,2
2747,annie,ly,15
2748,mark,curry,13
2749,jenny,vo,7
2750,anna,lol,2
2751,anna,johnson,15
2752,john,rose,8
2753,mark,johnson,7
2754,mike,lee,1
2755,jessica,lee,12
2756,anna,rose,7
2757,kevin,lol,8
2758,dave,lol,2
2759,mark,smith,9
2760,jessica,smith,6
2761,annie,lol,5
2762,jessica,ly,8
2763,annie,nguyen ,6
2764,john,vo,14
2765,annie,johnson,1
2766,annie,jordan,14
2767,dave,curry,15
2768,jenny,jordan,3
2769,dave,vo,1
2770,mike,curry,5
2771,annie,johnson,10
2772,jessica,lee,2
2773,mike,vo,13
2774,jessica,vo,8
2775,steven,johnson,11
2776,steven,lee,8
2777,mike,lee,4
2778,mark,johnson,15
2779,steven,lee,7
2780,jessica,nguyen ,7
2781,dave,johnson,3
2782,john,smith,7
2783,steven,ly,15
2784,mike,lee,11
2785,dave,vo,8
2786,john,vo,16
2787,jenny,lee,15
2788,steven,nguyen ,11
2789,jessica,smith,7
2790,mark,lee,4
2791,annie,lol,3
2792,jenny,lol,1
2793,john,jordan,3
2794,dave,ly,10
2795,annie,curry,3
2796,annie,curry,13
2797,kevin,nguyen ,8
2798,steven,lol,16
2799,jessica,ly,11
2800,annie,ly,4
2801,kevin,nguyen ,14
2802,jenny,smith,7
2803,john,lee,11
2804,mark,ly,15
2805,kevin,vo,4
2806,dave,smith,5
2807,jenny,ly,15
2808,john,curry,4
2809,anna,smith,7
2810,mike,lol,8
2811,annie,ly,15
2812,steven,lee,10
2813,anna,curry,15
2814,kevin,ly,4
2815,steven,ly,7
2816,mike,jordan,7
2817,dave,lol,7
2818,dave,vo,16
2819,jenny,rose,15
2820,kevin,vo,2
2821,mike,curry,16
2822,mark,smith,6
2823,anna,vo,10
2824,steven,jordan,6
2825,annie,lee,7
2826,jenny,vo,9
2827,annie,nguyen ,3
2828,annie,ly,8
2829,mike,nguyen ,16
2830,annie,ly,14
2831,jessica,rose,7
2832,steven,vo,3
2833,john,jordan,12
2834,mike,rose,14
2835,john,johnson,4
2836,mark,rose,15
2837,john,ly,7
2838,mike,jordan,11
2839,jenny,curry,11
2840,kevin,curry,14
2841,steven,lol,12
2842,annie,ly,2
2843,jessica,smith,2
2844,anna,lol,15
2845,jessica,johnson,4
2846,anna,lol,11
2847,jenny,nguyen ,7
2848,mark,nguyen ,2
2849,dave,nguyen ,12
2850,dave,nguyen ,7
2851,jessica,nguyen ,7
2852,mark,vo,1
2853,annie,vo,13
2854,steven,curry,16
2855,jenny,nguyen ,14
2856,dave,vo,8
2857,mark,smith,5
2858,steven,rose,3
2859,kevin,lol,8
2860,anna,lee,10
2861,anna,vo,11
2862,annie,lol,12
2863,kevin,lol,13
2864,dave,lol,16
2865,mike,vo,4
2866,steven,johnson,2
2867,anna,smith,11
2868,dave,smith,15
2869,annie,vo,4
2870,jessica,curry,1
2871,john,lol,7
2872,anna,rose,11
2873,mike,jordan,4
2874,kevin,lol,2
2875,jessica,rose,5
2876,steven,nguyen ,14
2877,jessica,johnson,16
2878,kevin,curry,7
2879,mark,lol,14
2880,mike,ly,1
2881,steven,jordan,8
2882,annie,nguyen ,4
2883,mark,johnson,16
2884,dave,lol,13
2885,steven,jordan,10
2886,mike,vo,14
2887,mike,vo,15
2888,john,vo,9
2889,anna,vo,15
2890,mike,vo,14
2891,annie,lee,1
2892,mark,lol,6
2893,dave,ly,16
2894,steven,rose,12
2895,john,curry,3
2896,kevin,curry,10
2897,jenny,johnson,6
2898,mark,johnson,12
2899,jessica,ly,8
2900,kevin,curry,10
2901,steven,ly,1
2902,jessica,smith,16
2903,annie,rose,10
2904,jenny,nguyen ,15
2905,mike,johnson,11
2906,jenny,jordan,10
2907,mike,ly,2
2908,annie,nguyen ,13
2909,mike,johnson,2
2910,kevin,ly,1
2911,mike,lee,16
2912,dave,curry,11
2913,anna,smith,9
2914,mark,jordan,7
2915,mark,smith,11
2916,steven,lee,8
2917,mark,johnson,15
2918,annie,smith,15
2919,dave,lee,6
2920,kevin,rose,9
2921,annie,jordan,13
2922,dave,curry,9
2923,anna,ly,11
2924,jessica,rose,10
2925,anna,curry,15
2926,mark,johnson,12
2927,annie,lee,11
2928,anna,johnson,10
2929,dave,lee,13
2930,anna,vo,10
2931,john,vo,12
2932,annie,rose,11
2933,annie,vo,5
2934,mark,lee,13
2935,john,nguyen ,11
2936,dave,vo,12
2937,mike,nguyen ,2
2938,annie,lol,15
2939,dave,ly,5
2940,kevin,lol,7
2941,kevin,johnson,1
2942,jessica,rose,14
2943,dave,smith,4
2944,dave,curry,14
2945,dave,smith,15
2946,jessica,vo,11
2947,annie,lee,11
2948,mike,curry,4
2949,annie,vo,7
2950,john,smith,9
2951,mark,rose,14
2952,dave,lee,4
2953,jessica,rose,2
2954,dave,nguyen ,12
2955,anna,smith,7
2956,annie,ly,5
2957,mike,lol,5
2958,anna,ly,1
2959,anna,jordan,8
2960,anna,vo,16
2961,steven,curry,8
2962,mark,rose,6
2963,jessica,jordan,12
2964,john,smith,13
2965,jessica,johnson,14
2966,jenny,lol,8
2967,annie,lol,11
2968,john,johnson,11
2969,jenny,johnson,3
2970,jessica,rose,4
2971,kevin,rose,16
2972,john,smith,6
2973,annie,nguyen ,1
2974,kevin,rose,14
2975,jessica,nguyen ,11
2976,mark,ly,10
2977,john,smith,2
2978,jenny,lol,7
2979,dave,rose,6
2980,mark,nguyen ,4
2981,mike,lol,6
2982,kevin,lol,14
2983,jenny,lol,3
2984,mike,rose,6
2985,mike,curry,4
2986,mark,smith,3
2987,annie,jordan,13
2988,dave,rose,1
2989,annie,lol,15
2990,annie,jordan,1
2991,annie,vo,2
2992,mike,smith,2
2993,kevin,curry,2
2994,john,jordan,6
2995,mark,lee,15
2996,kevin,smith,4
2997,steven,nguyen ,7
2998,annie,johnson,3
2999,jenny,jordan,3
3000,dave,smith,1
